node_id,name,layer,headline,summary,morphology_plain,paper_plain,reality_plain
ST-EU,European Union,state,"The big rulebook is real, but the machinery to enforce it is running late.","The EU passed the world's most comprehensive AI law, but the hardest obligations were pushed to 2027–2028 and the technical standards aren't ready. The rules exist; the capacity to apply them is still being built.","Open gap — ambitious on paper, lagging in practice.",comprehensive,partial
ST-US,United States (federal),state,Federal AI policy can flip overnight — and it did.,"There is no standing federal AI law; direction is set by executive orders the next administration can reverse. The Biden-era order was rescinded within hours of the 2025 transition, and the posture turned deregulatory.",Self-imposed and reversible — a private promise that can be dropped.,minimal,minimal
ST-US-CA,United States — California,state,California built a binding AI law and made it stick.,California's frontier-AI transparency law took effect in 2026 and survived a federal attempt to override state AI rules. Enforcement capacity is still ramping up.,"Open gap — ambitious on paper, lagging in practice.",partial,minimal
ST-US-CO,United States — Colorado,state,"Colorado built an AI law, then walked it back before it ever applied.","The original Colorado AI Act was delayed and then replaced with a narrower version before it could take effect — capacity that was being built, then scaled back.","Light by design, or not built yet — little binding rule in place.",minimal,almost none
ST-CN,China,state,Cleared before launch — and what slips through stays out of sight.,"China controls AI upfront: services must be filed and approved before going live, so rules and practice line up at the gate. Where use breaks the rules it is hidden rather than open — official compliance on the surface, quiet workarounds underneath.",Controlled upfront — systems cleared before launch.,comprehensive,substantial
ST-UK,United Kingdom,state,Deliberately light — oversight is left to existing regulators.,"The UK has chosen not to pass a broad AI law, distributing oversight across existing regulators instead. This is a settled choice, not a transition.","Light by design, or not built yet — little binding rule in place.",minimal,minimal
ST-IN,India,state,A deliberate decision not to regulate first.,India issued voluntary guidelines and has explicitly chosen not to lead with binding regulation. Light-touch by design.,"Light by design, or not built yet — little binding rule in place.",minimal,minimal
ST-SG,Singapore,state,"Light by design, and good at it.","Singapore governs AI through well-developed voluntary frameworks rather than a binding law, a model it has run since 2019. Stable, not a way-station.","Light by design, or not built yet — little binding rule in place.",partial,partial
ST-JP,Japan,state,A law with no penalties — cooperation over coercion.,"Japan's AI Promotion Act is in force but carries no monetary penalties, relying on reputation and cooperation. Innovation-first by design.","Light by design, or not built yet — little binding rule in place.",partial,minimal
ST-AU,Australia,state,"Considered mandatory guardrails, then chose not to.","Australia weighed binding AI rules and, in its Dec 2025 National AI Plan, decided against them — moving from 'a law may be coming' to a deliberate light-touch stance.","Light by design, or not built yet — little binding rule in place.",minimal,minimal
ST-MX,Mexico,state,A built oversight body was dismantled.,"Mexico dissolved its independent data-protection authority in 2024–2025, dismantling capacity that already existed — a regression, not mere absence.","Light by design, or not built yet — little binding rule in place.",minimal,almost none
ST-BR,Brazil,state,A comprehensive bill is one vote away.,"Brazil's Senate approved a broad AI bill; a decisive lower-house vote was scheduled for May 2026. If enacted, enforcement will likely ramp gradually.","Light by design, or not built yet — little binding rule in place.",partial,minimal
ST-CL,Chile,state,A bill is advancing through the second chamber.,"Chile's AI bill, modeled on the EU and UNESCO, cleared the lower house in late 2025 and sits in the Senate. Not yet law.","Light by design, or not built yet — little binding rule in place.",partial,minimal
ST-CO,Colombia,state,"Many proposals, no consolidated law.",Colombia has 20+ competing AI proposals and no consolidated statute — a fragmented pipeline that may not converge soon.,"Light by design, or not built yet — little binding rule in place.",minimal,almost none
ST-ID,Indonesia,state,"Build fast, govern light.",Indonesia governs AI through a ministerial circular while a stronger framework is pending; growth is prioritized over binding rules.,"Light by design, or not built yet — little binding rule in place.",minimal,almost none
ST-NG,Nigeria,state,"Just getting started, with a strategy in place.","Nigeria finalized a national AI strategy in 2025 and has data-protection law operative, but binding AI rules are still nascent.","Light by design, or not built yet — little binding rule in place.",minimal,almost none
ST-KE,Kenya,state,"Early days, guided by a national strategy.","Kenya launched a 2025–2030 AI strategy, developed alongside UNESCO's readiness tooling; capacity is still forming.","Light by design, or not built yet — little binding rule in place.",minimal,almost none
ST-ZA,South Africa,state,"A draft framework, not yet binding.",South Africa has a draft national AI policy framework and relies on its data-protection law as a backstop. Early-stage.,"Light by design, or not built yet — little binding rule in place.",minimal,almost none
ST-RW,Rwanda,state,A national policy in early implementation.,Rwanda adopted a national AI policy in 2023 and is piloting UNESCO's readiness method; capacity is nascent.,"Light by design, or not built yet — little binding rule in place.",minimal,almost none
ST-EG,Egypt,state,"A refreshed national strategy, early stage.",Egypt issued a second-edition national AI strategy in 2025; binding rules are not yet in place.,"Light by design, or not built yet — little binding rule in place.",minimal,almost none
ST-AE,United Arab Emirates,state,Governance stays light while the AI build races ahead.,The UAE promotes AI aggressively — even seating an AI system as a cabinet advisor — without a binding AI law. Industrial ambition far outpaces governance rules.,"Light by design, or not built yet — little binding rule in place.",partial,minimal
ST-SA,Saudi Arabia,state,"Principles, not binding rules.","Saudi Arabia's AI principles are non-binding, with data-protection law as the backstop. Light-touch.","Light by design, or not built yet — little binding rule in place.",minimal,minimal
ST-IL,Israel,state,"Light-touch in civilian life, closed in defense.","Israel's civilian AI policy is deliberately light, while its defense use is closed to outside view by construction.","Light by design, or not built yet — little binding rule in place.",minimal,minimal
ST-VN,Vietnam,state,"Looked light — then passed a full, binding law.","Vietnam appeared developmental and light until it enacted a comprehensive, risk-tiered AI law in late 2025 (in force March 2026). The clearest case that 'light now' doesn't mean 'light forever'.","Light by design, or not built yet — little binding rule in place.",substantial,almost none
ST-CH,Switzerland,state,"A sectoral, light-touch choice.",Switzerland decided in 2025 to handle AI through existing sectoral law rather than a new horizontal statute. Deliberate.,"Light by design, or not built yet — little binding rule in place.",minimal,minimal
ST-KR,South Korea,state,A comprehensive law just came into force.,"South Korea's AI Basic Act took effect in January 2026, with a compute threshold set by decree. The law is in force; the enforcement apparatus is still young.","Light by design, or not built yet — little binding rule in place.",substantial,almost none
ST-TR,Turkey,state,A bill that's been pending for years.,Turkey's AI bill has sat unpassed since 2024 — 'a law is coming' that keeps not arriving.,"Light by design, or not built yet — little binding rule in place.",minimal,almost none
ST-RU,Russia,state,Closed to outside view.,Russia's real AI governance cannot be assessed from outside; the opacity is deliberate. Excluded from scored comparison.,Closed — cannot be assessed from outside.,,
ST-IR,Iran,state,Closed to outside view.,Iran's real AI governance cannot be assessed from outside; the opacity is deliberate. Excluded from scored comparison.,Closed — cannot be assessed from outside.,,
AC-ANT,Anthropic,actor,Among the strongest safety practices — but still self-imposed.,"Anthropic has actually gated a model release on its safety standard and publishes safeguard reports, and it backed California's transparency law. Its commitments are reinforced by a governance structure but remain, ultimately, voluntary.",Self-imposed and reversible — a private promise that can be dropped.,substantial,partial
AC-OAI,OpenAI,actor,A safety framework that has been quietly loosened.,"OpenAI has a published preparedness framework, but some provisions were weakened without notice — a self-imposed promise it can revise.",Self-imposed and reversible — a private promise that can be dropped.,partial,minimal
AC-GDM,Google DeepMind,actor,"Published framework, observable gating.",Google DeepMind maintains a frontier safety framework and is among the labs that published their safety policies. Self-imposed and revisable.,Self-imposed and reversible — a private promise that can be dropped.,partial,partial
AC-MS,Microsoft,actor,"Framework in place, partly self-reported.",Microsoft publishes a safety framework and took on additional summit commitments; verification is largely self-reported.,Self-imposed and reversible — a private promise that can be dropped.,partial,minimal
AC-META,Meta,actor,"Open-weights promise, since walked back.","Meta's defining open-weights stance was quietly abandoned with its first closed frontier model, and frontier models shipped without comparable safety artifacts.",Self-imposed and reversible — a private promise that can be dropped.,minimal,minimal
AC-XAI,xAI,actor,"Promised a safety policy, then missed it — twice.","xAI's frontier safety policy was a draft it never finalized, and a flagship model shipped without a system card. The promise effectively never bound anything.",Self-imposed and reversible — a private promise that can be dropped.,almost none,almost none
AC-AMZ,Amazon,actor,Published a policy; thin track record.,"Amazon is among the labs that published a safety framework, but evidence of real gating is limited.",Self-imposed and reversible — a private promise that can be dropped.,minimal,minimal
AC-NV,NVIDIA,actor,Published a policy; thin track record.,NVIDIA published a safety framework; evidence of realization is limited.,Self-imposed and reversible — a private promise that can be dropped.,minimal,minimal
AC-COH,Cohere,actor,"Enterprise-focused, with a real framework.",Cohere published an enterprise safety framework in 2025; its governance is realized partly through enterprise contracts.,Self-imposed and reversible — a private promise that can be dropped.,partial,partial
AC-AI21,AI21 Labs,actor,"Transparent, but not a frontier-safety framework.","AI21 is transparent, but transparency is not the same as a frontier-safety structure with thresholds — so its safety posture is minimal.",Self-imposed and reversible — a private promise that can be dropped.,minimal,minimal
AC-ZHI,Zhipu,actor,The one Chinese summit signatory — realized through China's gate.,Zhipu signed the Seoul commitments and realizes governance via China's registration regime.,Self-imposed and reversible — a private promise that can be dropped.,minimal,partial
AC-MOON,Moonshot,actor,Keeps its safety posture undisclosed.,Moonshot maintains a non-disclosure posture on safety governance.,Self-imposed and reversible — a private promise that can be dropped.,almost none,minimal
AC-BAI,Baidu,actor,Governed through China's registration gate.,Baidu's governance is realized through China's pre-deployment filing regime.,Controlled upfront — systems cleared before launch.,minimal,partial
AC-01,01.AI,actor,"Signed commitments, thin realization.",01.AI signed international commitments; evidence of realization is limited.,Self-imposed and reversible — a private promise that can be dropped.,almost none,minimal
AC-G42,G42,actor,A national champion fused with the UAE state.,G42 operates as a double act with the UAE state and is among the labs that published a safety policy.,Self-imposed and reversible — a private promise that can be dropped.,minimal,minimal
AC-NAV,Naver,actor,"State-aligned, thin realization.",Naver is state-aligned and among the published-policy labs; realization evidence is limited.,Self-imposed and reversible — a private promise that can be dropped.,minimal,minimal
AC-TEN,Tencent,actor,Safety internals not visible from outside.,Tencent's safety governance cannot be assessed externally.,Closed — cannot be assessed from outside.,,
AC-HUM,HUMAIN,actor,"A Saudi sovereign vehicle, closed to view.",HUMAIN is a Saudi sovereign AI vehicle whose internals are closed by construction.,Closed — cannot be assessed from outside.,,
DP-D1,EU high-risk enterprise deployer,deployer,EU high-risk users face binding duties — and aren't ready.,"Enterprises deploying high-risk AI in the EU face binding obligations from August 2026, but their own readiness lags. The rules are arriving faster than the practice.","Open gap — ambitious on paper, lagging in practice.",minimal,minimal
DP-D2,US HR / employment deployer,deployer,Using AI in hiring can create real legal exposure.,"US employers using AI hiring tools face liability — a court let an age-discrimination case proceed against a vendor on an agent theory, exposing thousands of employer-deployers.","Inversion — stronger in practice than on paper, via courts.",minimal,minimal
DP-D3,Public-administration decision deployer,deployer,Public-sector AI failures stayed hidden until they blew up.,"Government automated-decision systems (Dutch SyRI and benefits scandals, Australia's Robodebt) ran compliant on paper until harm surfaced — a hidden gap.","Hidden gap — compliant on the surface, divergent underneath.",minimal,partial
DP-D4,Financial-services model-risk deployer,deployer,The most mature AI governance is in banks.,Financial-services firms govern AI under decades-old model-risk rules — the highest-realization case in the Atlas. The idea that 'deployers always lag' is false here.,Aligned — rules and practice already match.,substantial,substantial
DP-D5,Consumer-facing AI deployer,deployer,Companies are liable for what their AI tells customers.,Consumer-facing deployers carry output liability — an airline was held responsible for its chatbot's wrong answer.,"Inversion — stronger in practice than on paper, via courts.",almost none,minimal
DP-D6,Chinese registered-services deployer,deployer,Chinese deployers inherit control from the filing regime.,"Deployment in China is gated by which models are officially filed, so deployers inherit upfront control.",Controlled upfront — systems cleared before launch.,partial,partial
VN-ROME,Rome Call (interfaith),legitimacy,A faith-led ethical call that companies signed too.,The Rome Call is an interfaith AI-ethics commitment joined by major tech firms — influence through cultural and corporate endorsement rather than law.,,,
VN-ISLAM,Islamic-civilizational,legitimacy,Islamic-civilizational grounding for AI ethics.,"Rooted in Islamic tradition, this vision grounds AI ethics for Gulf states through religious and sovereign endorsement.",,,
VN-UNESCO,UNESCO,legitimacy,The closest thing to a global AI-ethics agreement.,"UNESCO's 2021 Recommendation is the one near-universal AI-ethics instrument, adopted by ~193 states and diffused through national strategies and readiness assessments.",,,
VN-OECD,OECD / G7,legitimacy,The democracies' shared principles.,"The OECD/G7 principles set a common baseline for democracies, with voluntary reporting layered on top.",,,
VN-COE,Council of Europe,legitimacy,The vision that becomes binding law.,The Council of Europe's Framework Convention turns AI-rights principles into a binding treaty — the EU ratified it in May 2026.,,,
VN-IEEE,IEEE,legitimacy,Ethics from the engineering profession.,"IEEE grounds AI ethics in professional, technical standards — legitimacy from the profession, not states.",,,
VN-GRAV,The three gravities,legitimacy,Three centers of gravity pulling the field.,"Brussels (rights), Washington (markets and security), and Beijing (developmental sovereignty) are the three forces whose pull explains most national choices.",,,
VN-SAFE,AI-safety / frontier community,legitimacy,The frontier-safety community.,"Researchers and labs committed to catastrophic-risk foresight, expressed through summit commitments and lab self-binding — a thin institutional base but real influence.",,,
VN-SOUTH,Global South / development-justice,legitimacy,"For the Global South, exclusion is the real risk.","A development-justice vision holding that the danger that matters is being left out, not extinction — voiced through coalitions and the development agenda.",,,
